{"cameraMode":{"drawMode":0,"name":"Shaded","section":"Shading Mode"},"sceneLighting":true,"audioPlay":false,"sceneViewState":{"m_AlwaysRefresh":false,"showFog":true,"showSkybox":true,"showFlares":true,"showImageEffects":true,"showParticleSystems":true,"showVisualEffectGraphs":true,"m_FxEnabled":true},"in2DMode":false,"pivot":{"x":-477.47564697265627,"y":-493.78314208984377,"z":292.6611022949219},"rotation":{"x":0.31033357977867129,"y":-0.46064481139183047,"z":0.1760033816099167,"w":0.8127040863037109},"size":386.23846435546877,"orthographic":false}