{"cameraMode":{"drawMode":0,"name":"Shaded","section":"Shading Mode"},"sceneLighting":false,"audioPlay":false,"sceneViewState":{"m_AlwaysRefresh":false,"showFog":true,"showSkybox":false,"showFlares":true,"showImageEffects":true,"showParticleSystems":true,"showVisualEffectGraphs":true,"m_FxEnabled":true},"in2DMode":false,"pivot":{"x":-0.34338945150375368,"y":-0.08556540310382843,"z":0.14031004905700684},"rotation":{"x":-0.1133868619799614,"y":0.6695709824562073,"z":-0.10449214279651642,"w":-0.7265665531158447},"size":0.6186531782150269,"orthographic":false}