{"cameraMode":{"drawMode":0,"name":"Shaded","section":"Shading Mode"},"sceneLighting":false,"audioPlay":false,"sceneViewState":{"m_AlwaysRefresh":false,"showFog":true,"showSkybox":false,"showFlares":true,"showImageEffects":true,"showParticleSystems":true,"showVisualEffectGraphs":true,"m_FxEnabled":true},"in2DMode":false,"pivot":{"x":-0.14063037931919099,"y":-0.011942096054553986,"z":0.6743329763412476},"rotation":{"x":-0.09900258481502533,"y":0.7574750185012817,"z":-0.11821034550666809,"w":-0.6343941688537598},"size":0.6794966459274292,"orthographic":false}