{"cameraMode":{"drawMode":0,"name":"Shaded","section":"Shading Mode"},"sceneLighting":false,"audioPlay":false,"sceneViewState":{"m_AlwaysRefresh":false,"showFog":true,"showSkybox":false,"showFlares":true,"showImageEffects":true,"showParticleSystems":true,"showVisualEffectGraphs":true,"m_FxEnabled":true},"in2DMode":false,"pivot":{"x":0.16455277800559998,"y":-0.16459912061691285,"z":0.39178401231765749},"rotation":{"x":0.08508877456188202,"y":0.8430368900299072,"z":-0.512287437915802,"w":0.1404794454574585},"size":1.8000173568725587,"orthographic":false}